<TextureAtlas imagePath="sprites.png">
	<SubTexture name="tree_01.png" x="226" y="438" width="62" height="78"/>
	<SubTexture name="tree_02.png" x="0" y="434" width="158" height="142"/>
	<SubTexture name="tree_03.png" x="228" y="141" width="60" height="144"/>
	<SubTexture name="tree_04.png" x="0" y="658" width="156" height="224"/>
	<SubTexture name="tree_05.png" x="0" y="961" width="62" height="58"/>
	<SubTexture name="tree_06.png" x="162" y="363" width="62" height="48"/>
	<SubTexture name="tree_07.png" x="0" y="578" width="158" height="78"/>
	<SubTexture name="tree_08.png" x="124" y="960" width="58" height="32"/>
	<SubTexture name="tree_09.png" x="160" y="623" width="30" height="31"/>
	<SubTexture name="tree_10.png" x="160" y="507" width="64" height="80"/>
	<SubTexture name="tree_11.png" x="158" y="738" width="108" height="80"/>
	<SubTexture name="tree_12.png" x="184" y="960" width="28" height="32"/>
	<SubTexture name="tree_13.png" x="226" y="363" width="62" height="73"/>
	<SubTexture name="tree_14.png" x="158" y="658" width="110" height="78"/>
	<SubTexture name="tree_15.png" x="0" y="141" width="224" height="138"/>
	<SubTexture name="tree_17.png" x="160" y="589" width="30" height="32"/>
	<SubTexture name="tree_18.png" x="162" y="281" width="64" height="80"/>
	<SubTexture name="tree_20.png" x="160" y="434" width="64" height="71"/>
	<SubTexture name="tree_21.png" x="64" y="961" width="58" height="56"/>
	<SubTexture name="tree_24.png" x="226" y="518" width="60" height="80"/>
	<SubTexture name="tree_27.png" x="158" y="820" width="32" height="32"/>
	<SubTexture name="tree_31.png" x="0" y="0" width="448" height="139"/>
	<SubTexture name="tree_33.png" x="0" y="357" width="160" height="75"/>
	<SubTexture name="tree_35.png" x="0" y="281" width="160" height="74"/>
	<SubTexture name="tree_37.png" x="0" y="884" width="112" height="75"/>
	<SubTexture name="tree_39.png" x="114" y="884" width="112" height="74"/>
</TextureAtlas>